key,company,title,bucket,location,comp,posted,age\_days,score,new,url  
ashby:clipboard:5981222f-7c67-410f-a898-f9eb525c2cc3,Clipboard Health,Sales Operations Analyst ,RevOps,Remote (North America); Remote,$75K – $110K,2026-08-20,15,73,NEW,https://jobs.ashbyhq.com/clipboard/5981222f-7c67-410f-a898-f9eb525c2cc3  
ashby:hinge-health:49512b81-8c12-436d-979e-6c502e6a2c5d,Hinge Health,BDR Team Lead,SDR/BDR,Remote US; Remote,"$54,720 – $99,360 • Offers Equity • Multiple Ranges",2026-07-24,42,73,NEW,https://jobs.ashbyhq.com/hinge-health/49512b81-8c12-436d-979e-6c502e6a2c5d  
lever:lyrahealth:244f64b1-55f7-4f39-a457-c52e0abaf4a0,Lyra Health,"Health Systems Business Development Manager (Philadelphia, PA)",SDR/BDR,"Philadelphia, Pennsylvania remote",$81-111K,2026-08-06,29,73,NEW,https://jobs.lever.co/lyrahealth/244f64b1-55f7-4f39-a457-c52e0abaf4a0  
ashby:virtahealth:18421d51-4be3-429b-a7d3-1fcfc3f30309,Virta Health,AI Operations Engineer,AI Ops,Remote; Remote,$136K – $176K • Offers Equity,2026-07-31,35,73,NEW,https://jobs.ashbyhq.com/virtahealth/18421d51-4be3-429b-a7d3-1fcfc3f30309  
ashby:clipboard:2ca7fa94-6b57-4358-9105-857b911c15f7,Clipboard Health,Revenue Strategy & Growth Associate,Growth,U.S. (Remote); Remote,$80K – $120K,2026-08-13,22,71,NEW,https://jobs.ashbyhq.com/clipboard/2ca7fa94-6b57-4358-9105-857b911c15f7  
ashby:hinge-health:cd67cd2f-3a94-4eaf-9ad8-d067fdd18bf0,Hinge Health,Growth Marketing Manager,Growth,San Francisco-HQ; Remote,$150K – $210K • Offers Equity,2026-08-18,17,71,NEW,https://jobs.ashbyhq.com/hinge-health/cd67cd2f-3a94-4eaf-9ad8-d067fdd18bf0  
ashby:hinge-health:a7b88af8-ea6a-4a54-b5cf-4bd35205ab99,Hinge Health,"Quality Assurance Associate Manager, Growth Marketing Operations",Growth,San Francisco-HQ; Remote,$121K – $167K • Offers Equity,2026-07-21,45,71,NEW,https://jobs.ashbyhq.com/hinge-health/a7b88af8-ea6a-4a54-b5cf-4bd35205ab99  
ashby:hinge-health:6c5c5c01-5825-4c10-8046-2887d8443803,Hinge Health,Client Success Manager- Emerging Accounts,CS,Remote US; Remote,"$76,608 – $139,104 • Offers Equity • Multiple Ranges",2026-08-18,17,71,NEW,https://jobs.ashbyhq.com/hinge-health/6c5c5c01-5825-4c10-8046-2887d8443803  
ashby:hinge-health:a2583315-2f5d-4f69-a96a-87c362d54c1d,Hinge Health,"Project Manager, Growth Operations",Growth,San Francisco-HQ; Remote,$121K – $165K • Offers Equity,2026-08-25,10,71,NEW,https://jobs.ashbyhq.com/hinge-health/a2583315-2f5d-4f69-a96a-87c362d54c1d  
lever:pointclickcare:e6fd28a0-e062-499d-8004-ea3280e62f4e,PointClickCare,(US) Software Implementation Consultant - Clinical,Implementation,"Remote, USA remote",$80-89K,2026-07-09,57,71,NEW,https://jobs.lever.co/pointclickcare/e6fd28a0-e062-499d-8004-ea3280e62f4e  
lever:pointclickcare:bb844dc3-ea25-454d-8df4-7c607963a566,PointClickCare,Software Implementation Consultant - (Financial),Implementation,"Remote, USA remote",$75-90K,2026-08-12,23,71,NEW,https://jobs.lever.co/pointclickcare/bb844dc3-ea25-454d-8df4-7c607963a566  
ashby:hinge-health:8177e5b7-30f6-4733-b09f-3183c8c4fdf3,Hinge Health,Health Services Manager (Enablement) ,Enablement,Remote US; Remote,"$70,680 – $128,340 • Offers Equity • Offers Commission • Multiple Ranges",2026-08-11,24,69,NEW,https://jobs.ashbyhq.com/hinge-health/8177e5b7-30f6-4733-b09f-3183c8c4fdf3  
gh:oscar:8143810,Oscar Health,"Associate, Lucie Training & Sales Enablement",Enablement,"Dallas, Texas, United States",,2026-08-21,14,69,NEW,http://www.hioscar.com/careers/8143810?gh\_jid=8143810  
gh:oscar:8076314,Oscar Health,"Associate, Sales Enablement",Enablement,"Dallas, Texas, United States",,2026-07-21,45,69,NEW,http://www.hioscar.com/careers/8076314?gh\_jid=8076314  
ashby:bestow:95eeb140-80af-4c25-b7b1-b1a2b2f19175,Bestow,"Performance Lead, Customer Experience",CS,"Remote, US; Dallas, TX; Remote","$60K – $70K • Offers Equity • Starting compensation may vary based on geographic location, work experience, and skills.",2026-07-27,39,68,NEW,https://jobs.ashbyhq.com/bestow/95eeb140-80af-4c25-b7b1-b1a2b2f19175  
gh:garnerhealth:6139197004,Garner Health,Enterprise Business Development Representative,SDR/BDR,Remote,,2026-08-07,28,68,NEW,https://job-boards.greenhouse.io/garnerhealth/jobs/6139197004  
gh:garnerhealth:6139836004,Garner Health,GTM Enablement Manager,GTM Ops,Remote,,2026-08-13,22,68,NEW,https://job-boards.greenhouse.io/garnerhealth/jobs/6139836004  
gh:garnerhealth:6139170004,Garner Health,Manager of Business Development,SDR/BDR,Remote,,2026-08-07,28,68,NEW,https://job-boards.greenhouse.io/garnerhealth/jobs/6139170004  
gh:mavenclinic:8620831002,Maven Clinic,Revenue Operations Manager (Payments and Reconciliation),RevOps,"New York, NY; Remote, US (Hub cities)",,2026-07-06,60,68,NEW,https://job-boards.greenhouse.io/mavenclinic/jobs/8620831002  
gh:mavenclinic:8726965002,Maven Clinic,Sales Development Representative,SDR/BDR,Remote,,2026-08-18,17,68,NEW,https://job-boards.greenhouse.io/mavenclinic/jobs/8726965002  
ashby:notable:5eec7409-19b2-4fea-9cce-424122438394,Notable,Customer Success Lead,CS,"Chicago, IL; Dallas Forth Worth Metro Area, TX; Nashville, TN; Minneapolis, MN; St. Louis, MO; Houston Metro Area, TX; Kansas City, MO; Cleveland, OH; Remote",$136K – $170K • Offers Equity • Offers Bonus • Annual Bonus up to 15% of base,2026-07-13,53,68,NEW,https://jobs.ashbyhq.com/notable/5eec7409-19b2-4fea-9cce-424122438394  
lever:pointclickcare:2123a700-c912-42d6-85ff-ec7e264c2a77,PointClickCare,(US) Regional Named Account Executive - Northeast,AE,"Remote, USA remote",$189-210K,2026-07-23,43,67,NEW,https://jobs.lever.co/pointclickcare/2123a700-c912-42d6-85ff-ec7e264c2a77  
ashby:color-health:8179a89c-8c62-4caf-84b1-f9f2b95a09f6,Color Health,Billing Implementation Specialist,Implementation,"South San Francisco, California; Remote, USA; Remote",,2026-08-27,8,66,NEW,https://jobs.ashbyhq.com/color-health/8179a89c-8c62-4caf-84b1-f9f2b95a09f6  
gh:elationhealth:8128196,Elation Health,Enterprise Customer Success Manager,CS,US- Remote,,2026-08-13,22,66,NEW,https://www.elationhealth.com/about-us/careers?gh\_jid=8128196  
lever:includedhealth:6a5a34b7-9297-4d3d-97e7-a8025356fa47,Included Health,Client Success Portfolio Manager,CS,Remote remote,,2026-09-03,1,66,NEW,https://jobs.lever.co/includedhealth/6a5a34b7-9297-4d3d-97e7-a8025356fa47  
ashby:virtahealth:c634ae20-8a13-464a-9e57-2b4e63bb4379,Virta Health,"Client Success Manager, Labor & Multi Employer Funds",CS,Remote; Remote,$99.5K – $128.5K • Offers Equity,2026-08-18,17,66,NEW,https://jobs.ashbyhq.com/virtahealth/c634ae20-8a13-464a-9e57-2b4e63bb4379  
ashby:1password:4575bf10-78eb-40ab-b204-dc6b5a84c3b9,1Password,Business Development Representative,SDR/BDR,"Toronto, ON; Austin, TX; Remote",,2026-08-19,16,65,NEW,https://jobs.ashbyhq.com/1password/4575bf10-78eb-40ab-b204-dc6b5a84c3b9  
gh:airtable:8626638002,Airtable,"Manager, Business Development Representatives",SDR/BDR,"Austin, TX",,2026-07-09,57,65,NEW,https://job-boards.greenhouse.io/airtable/jobs/8626638002  
gh:apolloio:6146762004,Apollo.io,Business Development Representative,SDR/BDR,"Hybrid, Austin",,2026-08-18,17,65,NEW,https://job-boards.greenhouse.io/apolloio/jobs/6146762004  
lever:arcadia:529edd7b-5e37-4d8c-9b91-c48776764e70,Arcadia,Business Development Representative,SDR/BDR,"Boston, DC, Remote remote",$72-100K,2026-08-14,21,65,NEW,https://jobs.lever.co/arcadia/529edd7b-5e37-4d8c-9b91-c48776764e70  
ashby:commure:aeb8851c-87d7-40a3-acaf-14a26d3a34ed,Commure,Enterprise Sales Development Representative,SDR/BDR,San Francisco Bay Area or Remote,$63K – $70K • Offers Commission,2026-08-07,28,65,NEW,https://jobs.ashbyhq.com/commure/aeb8851c-87d7-40a3-acaf-14a26d3a34ed  
ashby:commure:63009d78-866f-43e0-84a8-033b93892b6f,Commure,"Sales Development Representative, Agents",SDR/BDR,"Mountain View, CA; New York City, NY; San Francisco, CA; Remote",$63K – $70K • Offers Commission,2026-08-13,22,65,NEW,https://jobs.ashbyhq.com/commure/63009d78-866f-43e0-84a8-033b93892b6f  
ashby:headway:4e826c00-570b-4349-956c-c9ac35c2a637,Headway,"Business Development Associate, Care Partnerships",SDR/BDR,Remote; Remote,$70K – $77K • Offers Equity • Offers Commission,2026-07-14,52,65,NEW,https://jobs.ashbyhq.com/headway/4e826c00-570b-4349-956c-c9ac35c2a637  
ashby:headway:3433bad6-2ae5-4451-9433-3a12b6f586e0,Headway,Revenue Operations Manager (Process),RevOps,Remote - New York; Remote,$121.6K – $190K • Offers Equity,2026-08-12,23,65,NEW,https://jobs.ashbyhq.com/headway/3433bad6-2ae5-4451-9433-3a12b6f586e0  
ashby:headway:ae5b6ddc-14b2-4fa0-9e87-bcc0a5474c13,Headway,"Business Development Lead, Care Partnerships",SDR/BDR,Remote; Remote,"$111,520 – $164,000 • Offers Commission",2026-08-27,8,65,NEW,https://jobs.ashbyhq.com/headway/ae5b6ddc-14b2-4fa0-9e87-bcc0a5474c13  
ashby:orum:82c9d29e-378f-4618-99cb-0661fe25e578,Orum,Enterprise Sales Development Representative,SDR/BDR,"Austin, TX; Remote",,2026-07-30,36,65,NEW,https://jobs.ashbyhq.com/orum/82c9d29e-378f-4618-99cb-0661fe25e578  
lever:outreach:1ec537cb-d3fc-42ed-bb0e-15264ecf7446,Outreach,"Manager, Customer Operations (Revenue Operations)",RevOps,United States remote,$120-155K,2026-07-30,36,65,NEW,https://jobs.lever.co/outreach/1ec537cb-d3fc-42ed-bb0e-15264ecf7446  
ashby:plaid:265a7e77-e6c0-4d04-ac35-23b86d21f810,Plaid,Sales Development Representative,SDR/BDR,New York City Office; Raleigh Office; San Francisco HQ; Remote,"$91,995 – $106,971 • Offers Equity • Offers Commission • Multiple Ranges",2026-07-06,60,65,NEW,https://jobs.ashbyhq.com/plaid/265a7e77-e6c0-4d04-ac35-23b86d21f810  
ashby:plaid:b93abf51-f064-4923-ada8-7cc78c8939e8,Plaid,Business Development Representative - Enterprise,SDR/BDR,New York City Office; Raleigh Office; San Francisco HQ; Remote,"$91,995 – $106,971 • Offers Equity • Offers Commission • Multiple Ranges",2026-07-08,58,65,NEW,https://jobs.ashbyhq.com/plaid/b93abf51-f064-4923-ada8-7cc78c8939e8  
ashby:plaid:7203c5b9-ae19-4478-84ea-85a11d438174,Plaid,Business Development Representative - Fintech,SDR/BDR,New York City Office; Raleigh Office; San Francisco HQ; Remote,"$91,995 – $106,971 • Offers Equity • Offers Commission • Multiple Ranges",2026-07-08,58,65,NEW,https://jobs.ashbyhq.com/plaid/7203c5b9-ae19-4478-84ea-85a11d438174  
ashby:plaid:f91d3207-247f-4e51-babb-24336904bb41,Plaid,Business Development Representative - Banking & Wealth,SDR/BDR,New York City Office; Raleigh Office; San Francisco HQ; Remote,"$91,995 – $106,971 • Offers Equity • Offers Commission • Multiple Ranges",2026-07-08,58,65,NEW,https://jobs.ashbyhq.com/plaid/f91d3207-247f-4e51-babb-24336904bb41  
ashby:plaid:825c434c-59fd-4e0a-b17d-878df5ee4be4,Plaid,GTM Strategic Finance,GTM Ops,New York City Office; San Francisco HQ; Remote,$162K – $202K • Offers Equity,2026-07-22,44,65,NEW,https://jobs.ashbyhq.com/plaid/825c434c-59fd-4e0a-b17d-878df5ee4be4  
ashby:plaid:c73b1d9e-e7d8-415e-bbdf-f95696a968db,Plaid,Revenue Operations Accountant,RevOps,San Francisco HQ; San Francisco HQ; Remote,$105K – $120K • Offers Equity,2026-09-01,3,65,NEW,https://jobs.ashbyhq.com/plaid/c73b1d9e-e7d8-415e-bbdf-f95696a968db  
ashby:ramp:83eec8f4-c37d-43c9-860b-27223eee3643,Ramp,"Sales Development Representative, Mid-Market",SDR/BDR,"New York, NY (HQ); Remote",$85K – $105K • Offers Equity,2026-09-03,1,65,NEW,https://jobs.ashbyhq.com/ramp/83eec8f4-c37d-43c9-860b-27223eee3643  
ashby:ramp:60d6aef5-b60d-4163-82b7-00bad89c6d3f,Ramp,"Sales Development Representative, SMB",SDR/BDR,"New York, NY (HQ); Remote",$85K – $105K • Offers Equity,2026-09-03,1,65,NEW,https://jobs.ashbyhq.com/ramp/60d6aef5-b60d-4163-82b7-00bad89c6d3f  
ashby:shiftkey:a003c667-c4d0-490f-8fa3-d130960edae5,ShiftKey,CRM & Sales Operations Specialist,RevOps,Irving; Remote,,2026-08-18,17,65,NEW,https://jobs.ashbyhq.com/shiftkey/a003c667-c4d0-490f-8fa3-d130960edae5  
ashby:snowflake:5a117e29-4c48-40d3-a5da-aba9c7fa182e,Snowflake,Startup Business Development Lead - Snowflake for Startups,SDR/BDR,US-CA-Menlo Park; Remote,$126K – $181.7K,2026-07-22,44,65,NEW,https://jobs.ashbyhq.com/snowflake/5a117e29-4c48-40d3-a5da-aba9c7fa182e  
ashby:snowflake:b22cbd8d-7f30-4699-890e-b93eb90ef4e8,Snowflake,GTM & Enablement Program Manager,GTM Ops,US-CA-Menlo Park; Remote,$133K – $174.3K,2026-07-08,58,65,NEW,https://jobs.ashbyhq.com/snowflake/b22cbd8d-7f30-4699-890e-b93eb90ef4e8  
ashby:snowflake:052ea3c1-9465-407c-8611-3a45d29c21b0,Snowflake,Business Development Lead - Snowflake for Startups,SDR/BDR,US-NY-New York; Remote,$126K – $181.7K,2026-07-17,49,65,NEW,https://jobs.ashbyhq.com/snowflake/052ea3c1-9465-407c-8611-3a45d29c21b0  
ashby:snowflake:6871df54-d22b-4417-bf49-322deea4ad29,Snowflake,Business Development & Capture - PubSec,SDR/BDR,US-DC-Remote; Remote,$144K – $189K,2026-09-01,3,65,NEW,https://jobs.ashbyhq.com/snowflake/6871df54-d22b-4417-bf49-322deea4ad29  
ashby:vanta:028c7d0b-73a6-431a-843b-2c0da068de1b,Vanta,"Sales Development Representative, Upmarket",SDR/BDR,"New York, NY; Remote","$95K – $112K • Offers Equity • This role is also eligible for medical benefits, 401(k) plan, and other company perk programs.",2026-09-01,3,65,NEW,https://jobs.ashbyhq.com/vanta/028c7d0b-73a6-431a-843b-2c0da068de1b  
ashby:vanta:a5cdc446-1fc4-40a7-8175-3f314a5c8ef2,Vanta,Sales Development Representative - Commercial + Enterprise,SDR/BDR,"San Francisco, CA; Remote","$110K • Offers Equity • This role is also eligible for medical benefits, 401(k) plan, and other company perk programs.",2026-09-01,3,65,NEW,https://jobs.ashbyhq.com/vanta/a5cdc446-1fc4-40a7-8175-3f314a5c8ef2  
ashby:vanta:bed2588e-e4b3-40df-aa3b-c5cba4f01435,Vanta,Sales Development Representative - LATAM,SDR/BDR,"New York, NY; Remote","$105K • Offers Equity • This role is also eligible for medical benefits, 401(k) plan, and other company perk programs.",2026-07-16,50,65,NEW,https://jobs.ashbyhq.com/vanta/bed2588e-e4b3-40df-aa3b-c5cba4f01435  
ashby:vanta:466a5555-83f9-47d5-b126-bae0a65893ae,Vanta,"Manager, Sales Development",SDR/BDR,"San Francisco, CA; New York, NY; Remote","$172K – $202K • Offers Equity • This role is also eligible for medical benefits, 401(k) plan, and other company perk programs.",2026-07-15,51,65,NEW,https://jobs.ashbyhq.com/vanta/466a5555-83f9-47d5-b126-bae0a65893ae  
ashby:vanta:0e82974a-0023-49a2-b1ec-a0fa89636dd5,Vanta,"GTM Strategy & Operations Analyst, Account Management",GTM Ops,Remote U.S.; Remote,"$114K – $134K • Offers Equity • This role is also eligible for medical benefits, 401(k) plan, and other company perk programs.",2026-08-28,7,65,NEW,https://jobs.ashbyhq.com/vanta/0e82974a-0023-49a2-b1ec-a0fa89636dd5  
ashby:vanta:2f2ad814-2437-46bc-8829-9413f1840db0,Vanta,"Subject Matter Expert, GTM GRC - Revenue",GTM Ops,Remote U.S.; Remote,"$171K – $201K • Offers Equity • This role is also eligible for medical benefits, 401(k) plan, and other company perk programs.",2026-09-04,0,65,NEW,https://jobs.ashbyhq.com/vanta/2f2ad814-2437-46bc-8829-9413f1840db0  
ashby:vanta:7cb1ace2-945a-4768-9ce2-a95d6b725bb8,Vanta,"Subject Matter Expert, GTM GRC - Revenue",GTM Ops,Remote U.S.; Remote,"$171K – $201K • Offers Equity • This role is also eligible for medical benefits, 401(k) plan, and other company perk programs.",2026-09-04,0,65,NEW,https://jobs.ashbyhq.com/vanta/7cb1ace2-945a-4768-9ce2-a95d6b725bb8  
gh:zscaler:5195940007,Zscaler,"Manager, Sales Development",SDR/BDR,"Dallas, Texas, USA",,2026-07-29,37,65,NEW,https://job-boards.greenhouse.io/zscaler/jobs/5195940007  
gh:zscaler:5228168007,Zscaler,Sales Development Representative,SDR/BDR,"Boston, Massachusetts, USA; Dallas, Texas, USA; Remote - North Carolina, USA",,2026-09-03,1,65,NEW,https://job-boards.greenhouse.io/zscaler/jobs/5228168007  
ashby:commure:1a54b849-041e-4643-bdc4-7853710c92ac,Commure,Enterprise Account Executive (Texas),AE,"United States; Austin, TX; Remote",$118K – $140K • $118K – $140K Commission,2026-07-27,39,64,NEW,https://jobs.ashbyhq.com/commure/1a54b849-041e-4643-bdc4-7853710c92ac  
ashby:snowflake:67efc76a-fd66-4fa8-b2a6-473baaf31249,Snowflake,"Enterprise Account Executive, Observe",AE,"Austin, TX; Detroit, MI; US-IL-Chicago-MSO; Remote","$134,000 – $175,875",2026-08-28,7,64,NEW,https://jobs.ashbyhq.com/snowflake/67efc76a-fd66-4fa8-b2a6-473baaf31249  
gh:trustedhealth:5411639008,Trusted Health,Client Account Manager,Sales,"Remote, US",,2026-09-01,3,64,NEW,https://www.trustedhealth.com/careers?gh\_jid=5411639008  
gh:apolloio:6146551004,Apollo.io,Global Revenue Onboarding Program Manager,Implementation,"Hybrid, Austin",,2026-08-19,16,63,NEW,https://job-boards.greenhouse.io/apolloio/jobs/6146551004  
lever:arcadia:facff254-78e3-4328-83f4-fd13fa7ef627,Arcadia,Enterprise Implementation Manager,Implementation,Remote remote,$100-156K,2026-08-19,16,63,NEW,https://jobs.lever.co/arcadia/facff254-78e3-4328-83f4-fd13fa7ef627  
ashby:hinge-health:d307173d-281d-4d9a-b7cf-75c3066ef09b,Hinge Health,Business Operations & Strategy Manager,BizOps,San Francisco-HQ; Remote,$137.6K – $206.4K • Offers Equity,2026-08-25,10,63,NEW,https://jobs.ashbyhq.com/hinge-health/d307173d-281d-4d9a-b7cf-75c3066ef09b  
lever:leantaas:9f0696d5-ebf7-456d-be6c-1421d5f12b80,LeanTaaS,"Manager, Clinical Workflow Implementation - iQueue for Inpatient Flow",Implementation,Remote remote,$140-170K,2026-08-19,16,63,NEW,https://jobs.lever.co/leantaas/9f0696d5-ebf7-456d-be6c-1421d5f12b80  
lever:leantaas:e5771983-c77a-4816-9b3f-4a73bab4f01b,LeanTaaS,"Product Implementation Manager, iQueue for Inpatient Flow",Implementation,Remote remote,$90-125K,2026-08-12,23,63,NEW,https://jobs.lever.co/leantaas/e5771983-c77a-4816-9b3f-4a73bab4f01b  
lever:lyrahealth:dafc21e1-f7d5-4814-89cd-d5bcf9eac1be,Lyra Health,Business Operations Coordinator - Dutch Speaking,BizOps,Leusden remote,,2026-07-30,36,63,NEW,https://jobs.lever.co/lyrahealth/dafc21e1-f7d5-4814-89cd-d5bcf9eac1be  
ashby:ramp:2ddd97a8-70b2-4030-ba42-21124ad304d3,Ramp,"Associate Manager, Premier Support (Customer Experience)",CS,"New York, NY (HQ); San Francisco, CA; Remote (US); Denver, CO; Miami, FL; Remote",$100K – $132K • Offers Equity,2026-08-11,24,63,NEW,https://jobs.ashbyhq.com/ramp/2ddd97a8-70b2-4030-ba42-21124ad304d3  
ashby:ramp:d64609dd-c391-45a2-bfdb-c1bb34e8f93c,Ramp,Customer Experience Associate,CS,"New York, NY (HQ); Remote (US); Denver, CO; Miami, FL; Remote",$60K – $70K • Offers Equity • This role will be paid hourly with a minimum hourly expectation.,2026-08-26,9,63,NEW,https://jobs.ashbyhq.com/ramp/d64609dd-c391-45a2-bfdb-c1bb34e8f93c  
ashby:ramp:6ac50530-ce1c-4375-9cc1-c56f8b5925fd,Ramp,Account Manager | Growth,Growth,"New York, NY (HQ); San Francisco, CA; Remote","$97,920 – $149,600 • Offers Commission • Multiple Ranges",2026-09-01,3,63,NEW,https://jobs.ashbyhq.com/ramp/6ac50530-ce1c-4375-9cc1-c56f8b5925fd  
ashby:snowflake:e4c75616-b76c-414a-9b59-af7bacb0d0c6,Snowflake,"Implementation Engineer, Observe",Implementation,US-NY-New York; US-NJ Metro-Remote; US-NY-Remote,$160K – $210K,2026-08-20,15,63,NEW,https://jobs.ashbyhq.com/snowflake/e4c75616-b76c-414a-9b59-af7bacb0d0c6  
ashby:truemed:b01dd944-a585-4644-808a-b74c75cbff73,Truemed,Customer Experience Lead,CS,"Los Angeles, CA or Austin, TX",,2026-08-26,9,63,NEW,https://jobs.ashbyhq.com/truemed/b01dd944-a585-4644-808a-b74c75cbff73  
ashby:vanta:72c428b2-eaf0-4fc4-8509-8616d4be1a38,Vanta,"Customer Success Manager, Commercial East",CS,Remote U.S.; Remote,"$138K – $162K • Offers Equity • This role is also eligible for medical benefits, 401(k) plan, and other company perk programs.",2026-08-13,22,63,NEW,https://jobs.ashbyhq.com/vanta/72c428b2-eaf0-4fc4-8509-8616d4be1a38  
gh:vercel:6119988004,Vercel,"Growth Marketing Manager, Discoverability ",Growth,"Hybrid - San Francisco, New York City, Austin",,2026-07-20,46,63,NEW,https://job-boards.greenhouse.io/vercel/jobs/6119988004  
gh:garnerhealth:6132250004,Garner Health,Account Executive - Central,AE,Remote,,2026-07-31,35,62,NEW,https://job-boards.greenhouse.io/garnerhealth/jobs/6132250004  
gh:garnerhealth:6132252004,Garner Health,Account Executive - Mid-Central,AE,Remote,,2026-07-31,35,62,NEW,https://job-boards.greenhouse.io/garnerhealth/jobs/6132252004  
gh:garnerhealth:6132265004,Garner Health,Account Executive - Northeast,AE,Remote,,2026-07-31,35,62,NEW,https://job-boards.greenhouse.io/garnerhealth/jobs/6132265004  
gh:garnerhealth:6132272004,Garner Health,Account Executive - Southeast,AE,Remote,,2026-07-31,35,62,NEW,https://job-boards.greenhouse.io/garnerhealth/jobs/6132272004  
gh:garnerhealth:6132277004,Garner Health,Account Executive - Southwest,AE,Remote,,2026-07-31,35,62,NEW,https://job-boards.greenhouse.io/garnerhealth/jobs/6132277004  
gh:garnerhealth:6132280004,Garner Health,Account Executive - West,AE,Remote,,2026-07-31,35,62,NEW,https://job-boards.greenhouse.io/garnerhealth/jobs/6132280004  
gh:apolloio:6110297004,Apollo.io,"Account Manager, SMB ",Sales,"Hybrid, Austin",,2026-07-06,60,61,NEW,https://job-boards.greenhouse.io/apolloio/jobs/6110297004  
ashby:gravie:34da1240-7374-41fe-88bd-0ba3dc358a73,Gravie,Account Manager,Sales,Remote; Remote,$67.5K – $100K • Offers Bonus,2026-08-31,4,61,NEW,https://jobs.ashbyhq.com/gravie/34da1240-7374-41fe-88bd-0ba3dc358a73  
ashby:headway:ff51583c-75e8-4fa2-a5d3-8f05ea6da364,Headway,"Program Manager, Talent & AI Enablement",Enablement,Remote; Remote,$115K – $179K • Offers Equity,2026-07-15,51,61,NEW,https://jobs.ashbyhq.com/headway/ff51583c-75e8-4fa2-a5d3-8f05ea6da364  
gh:humaninterest:8165299,Human Interest,Partner Account Manager - Dallas - Fort Worth,Sales,"Dallas, Texas",,2026-09-01,3,61,NEW,https://job-boards.greenhouse.io/humaninterest/jobs/8165299  
gh:humaninterest:8165307,Human Interest,Partner Account Manager - El Paso,Sales,"El Paso, Texas",,2026-08-31,4,61,NEW,https://job-boards.greenhouse.io/humaninterest/jobs/8165307  
gh:humaninterest:8165340,Human Interest,Partner Account Manager - Houston,Sales,"Houston, Texas",,2026-08-31,4,61,NEW,https://job-boards.greenhouse.io/humaninterest/jobs/8165340  
gh:humaninterest:8165348,Human Interest,Partner Account Manager - Rio Grande Valley,Sales,"Brownsville, Texas",,2026-08-31,4,61,NEW,https://job-boards.greenhouse.io/humaninterest/jobs/8165348  
gh:humaninterest:8165297,Human Interest,Partner Account Manager- West Texas,Sales,"Midland, Texas",,2026-08-31,4,61,NEW,https://job-boards.greenhouse.io/humaninterest/jobs/8165297  
ashby:medely:b287d552-26be-441e-b9b0-f09e2b1be4ca,Medely,Revenue Enablement Lead,Enablement,Remote; Remote,$126K – $140K • Offers Equity,2026-07-15,51,61,NEW,https://jobs.ashbyhq.com/medely/b287d552-26be-441e-b9b0-f09e2b1be4ca  
gh:natera:6136442004,Natera,Account Sales Representative,Sales,"Dallas, TX",,2026-08-06,29,61,NEW,https://job-boards.greenhouse.io/natera/jobs/6136442004  
lever:outreach:74733738-c32c-488a-8428-a01c5539e9e8,Outreach,Marketing Operations Specialist,Marketing Ops,United States remote,$60-90K,2026-09-01,3,61,NEW,https://jobs.lever.co/outreach/74733738-c32c-488a-8428-a01c5539e9e8  
ashby:ramp:f5cf4790-0b77-47be-b332-02ca6ec755fd,Ramp,Account Manager | Enterprise,Sales,"New York, NY (HQ); San Francisco, CA; Remote",$250K – $340K • Offers Equity • 60/40 Split,2026-08-11,24,61,NEW,https://jobs.ashbyhq.com/ramp/f5cf4790-0b77-47be-b332-02ca6ec755fd  
ashby:ramp:492823d8-9651-46cf-9d33-a632ef706879,Ramp,"Solutions Consultant, Post Sales, Mid-Market",Sales,"Remote (US); Remote (Canada); San Francisco, CA; New York, NY (HQ); Toronto, ON; Miami, FL; Remote",$151K – $231K • Offers Equity • Multiple Ranges,2026-07-07,59,61,NEW,https://jobs.ashbyhq.com/ramp/492823d8-9651-46cf-9d33-a632ef706879  
ashby:ramp:8ca5c32b-e6c7-47e3-af23-291f122fa0f8,Ramp,"Solutions Consultant, Post Sales, Commercial",Sales,"Remote (US); Remote (Canada); San Francisco, CA; New York, NY (HQ); Toronto, ON; Miami, FL; Remote",$119K – $181K • Offers Equity • Multiple Ranges,2026-07-07,59,61,NEW,https://jobs.ashbyhq.com/ramp/8ca5c32b-e6c7-47e3-af23-291f122fa0f8  
ashby:ramp:971abc99-f20b-43f0-91d6-90bcbfa2c8d9,Ramp,"Solutions Consultant, Post Sales, Enterprise",Sales,"Remote (US); Remote (Canada); San Francisco, CA; New York, NY (HQ); Toronto, ON; Miami, FL; Remote",$0 – $298K • Offers Equity • Multiple Ranges,2026-07-09,57,61,NEW,https://jobs.ashbyhq.com/ramp/971abc99-f20b-43f0-91d6-90bcbfa2c8d9  
gh:rubrik:8114370,Rubrik,Inside Sales Engineer (Remote),Sales,"Austin, TX",,2026-08-10,25,61,NEW,https://www.rubrik.com/company/careers/departments/job.8114370?gh\_jid=8114370  
ashby:snowflake:88bc9874-5ad3-4c7b-8f49-af909dd59265,Snowflake,"Marketing Operations and Demand Manager, Observe",Marketing Ops,US-CA-Menlo Park; Remote,$150K – $196.3K,2026-09-04,0,61,NEW,https://jobs.ashbyhq.com/snowflake/88bc9874-5ad3-4c7b-8f49-af909dd59265  
ashby:snowflake:e91c99b3-175c-44bf-b30f-3adf815c2aa3,Snowflake,"Technical Account Manager, Observe",Sales,US-NY-New York; US-NJ Metro-Remote; US-NY-Remote,$148K – $194.2K,2026-08-20,15,61,NEW,https://jobs.ashbyhq.com/snowflake/e91c99b3-175c-44bf-b30f-3adf815c2aa3  
ashby:vanta:3caab04a-8548-442c-8c22-d670e7be2931,Vanta,"Revenue Enablement Manager, Account Management",Enablement,Remote U.S.; Remote,"$133K – $156K • Offers Equity • This role is also eligible for medical benefits, 401(k) plan, and other company perk programs.",2026-08-18,17,61,NEW,https://jobs.ashbyhq.com/vanta/3caab04a-8548-442c-8c22-d670e7be2931  
gh:vercel:6144467004,Vercel,Marketing Operations Manager,Marketing Ops,"Hybrid - San Francisco, Austin",,2026-08-17,18,61,NEW,https://job-boards.greenhouse.io/vercel/jobs/6144467004  
gh:abnormalsecurity:7824578003,Abnormal Security,Sales Operations Analyst,RevOps,Remote - USA,,2026-08-03,32,60,NEW,https://abnormal.ai/careers/jobs/7824578003?gh\_jid=7824578003  
gh:affirm:7833171003,Affirm,GTM Strategy & Operations Lead,GTM Ops,Remote US,,2026-08-18,17,60,NEW,https://job-boards.greenhouse.io/affirm/jobs/7833171003  
gh:gusto:8157333,Gusto,GTM AI Agent Builder,GTM Ops,"Atlanta, GA - Remote; Denver, CO - Hybrid; New York, New York, United States; Phoenix, AZ - Remote; San Francisco, CA - Hybrid",,2026-08-26,9,60,NEW,https://job-boards.greenhouse.io/gusto/jobs/8157333  
ashby:headway:8c5c0e09-0b8b-4a6f-834d-1681846d055e,Headway,Business Operations Manager,BizOps,Remote; Remote,$121.6K – $190K,2026-08-10,25,60,NEW,https://jobs.ashbyhq.com/headway/8c5c0e09-0b8b-4a6f-834d-1681846d055e  
gh:hightouch:6117961004,Hightouch,"Sales Development Representative, Ad Studio",SDR/BDR,Remote,,2026-07-16,50,60,NEW,https://job-boards.greenhouse.io/hightouch/jobs/6117961004  
gh:hightouch:6122752004,Hightouch,"Strategic Finance Manager, GTM",GTM Ops,Remote (North America),,2026-07-22,44,60,NEW,https://job-boards.greenhouse.io/hightouch/jobs/6122752004  
gh:melio:7820779003,Melio,Sales Development Representative,SDR/BDR,"Remote, US",,2026-07-29,37,60,NEW,https://job-boards.greenhouse.io/melio/jobs/7820779003  
gh:mercury:6147716004,Mercury,AI Ops Lead - Forward Deploy,AI Ops,"San Francisco, CA, New York, NY, Portland, OR, or Remote within Canada or United States",,2026-08-26,9,60,NEW,https://job-boards.greenhouse.io/mercury/jobs/6147716004  
gh:mercury:6131020004,Mercury,Sales Development Representative,SDR/BDR,"San Francisco, CA, New York, NY, Portland, OR, or Remote within United States",,2026-07-30,36,60,NEW,https://job-boards.greenhouse.io/mercury/jobs/6131020004  
ashby:notion:72532ca0-eb7d-4d9e-b982-50f52614fca9,Notion,"Strategic Finance, GTM",GTM Ops,"San Francisco, California; Remote",,2026-08-13,22,60,NEW,https://jobs.ashbyhq.com/notion/72532ca0-eb7d-4d9e-b982-50f52614fca9  
ashby:notion:be994bb4-c680-4f57-b3bd-7e689175317f,Notion,"GTM Compensation Lead, Commercial Operations",GTM Ops,"San Francisco, California; New York, New York; Remote",,2026-08-31,4,60,NEW,https://jobs.ashbyhq.com/notion/be994bb4-c680-4f57-b3bd-7e689175317f  
ashby:plaid:bf4450b7-6ed5-49ec-a2ad-a1e0ffbcbe50,Plaid,Business Operations,BizOps,New York City Office; Remote,$162K – $237K • Offers Equity,2026-07-27,39,60,NEW,https://jobs.ashbyhq.com/plaid/bf4450b7-6ed5-49ec-a2ad-a1e0ffbcbe50  
ashby:ramp:ea9f6e2d-8981-417a-ac96-87d421ccbf4c,Ramp,"Business Operations Lead, Compensation & Equity",BizOps,"New York, NY (HQ); Remote",$200K – $250K • Offers Equity,2026-07-28,38,60,NEW,https://jobs.ashbyhq.com/ramp/ea9f6e2d-8981-417a-ac96-87d421ccbf4c  
ashby:ramp:196e4e25-c452-430d-8b2f-36a40f88a2ae,Ramp,GTM Business Systems Analyst – Post Sales,GTM Ops,"New York, NY (HQ); San Francisco, CA; Miami, FL; Remote",$145.8K – $182.2K • Offers Equity,2026-09-04,0,60,NEW,https://jobs.ashbyhq.com/ramp/196e4e25-c452-430d-8b2f-36a40f88a2ae  
ashby:ramp:696bc715-794c-4a0c-967d-d7f8b637b392,Ramp,GTM Business Systems Engineer – Post Sales,GTM Ops,"New York, NY (HQ); San Francisco, CA; Remote",$122.2K – $183.4K • Offers Equity,2026-09-03,1,60,NEW,https://jobs.ashbyhq.com/ramp/696bc715-794c-4a0c-967d-d7f8b637b392  
ashby:ramp:6310f1b3-1ae2-476c-b4ce-affe530ede26,Ramp,"GTM Business Systems Engineer, Quote-to-Cash",GTM Ops,"New York, NY (HQ); San Francisco, CA; Remote",$122.2K – $183.4K • Offers Equity,2026-09-03,1,60,NEW,https://jobs.ashbyhq.com/ramp/6310f1b3-1ae2-476c-b4ce-affe530ede26  
gh:stripe:8147961,Stripe,"Program Manager, GTM Planning",GTM Ops,"Chicago, Remote",,2026-08-31,4,60,NEW,https://stripe.com/jobs/search?gh\_jid=8147961  
gh:stripe:8042309,Stripe,"Program Manager, GTM Strategic Programs",GTM Ops,"US-Remote, Chicago",,2026-08-11,24,60,NEW,https://stripe.com/jobs/search?gh\_jid=8042309  
gh:tebra:4719577005,Tebra,Sales Development Representative,SDR/BDR,United States - Remote,,2026-08-05,30,60,NEW,https://job-boards.greenhouse.io/tebra/jobs/4719577005  
gh:toast:8051420,Toast,Business Development Representative - Retail,SDR/BDR,Remote,,2026-08-05,30,60,NEW,https://careers.toasttab.com/jobs?gh\_jid=8051420  
ashby:zapier:7dd68291-3696-4fd0-a5d0-24ab73d22fff,Zapier,"Manager, GTM Analytics",GTM Ops,NAMER; Remote,$174.2K – $261.3K • Offers Equity • Offers Bonus • Multiple Ranges,2026-08-26,9,60,NEW,https://jobs.ashbyhq.com/zapier/7dd68291-3696-4fd0-a5d0-24ab73d22fff  
ashby:1password:4d30b4e9-c586-458c-a982-70a6ca3289a1,1Password,"Account Executive, SMB - Austin",AE,"Austin, TX; Remote",,2026-07-09,57,59,NEW,https://jobs.ashbyhq.com/1password/4d30b4e9-c586-458c-a982-70a6ca3289a1  
gh:apolloio:6137423004,Apollo.io,"Account Executive, SMB",AE,"Hybrid, Austin",,2026-08-06,29,59,NEW,https://job-boards.greenhouse.io/apolloio/jobs/6137423004  
gh:apolloio:6181138004,Apollo.io,"Sales Manager, SMB Account Executive (Austin)",AE,"Hybrid, Austin",,2026-09-03,1,59,NEW,https://job-boards.greenhouse.io/apolloio/jobs/6181138004  
lever:artera:96ee3bdf-e1f4-4297-9b6b-14e7e784bbcd,Artera,Sales Account Executive (Virginia/West Virginia),AE,Remote-US remote,$165-185K,2026-08-04,31,59,NEW,https://jobs.lever.co/artera/96ee3bdf-e1f4-4297-9b6b-14e7e784bbcd  
ashby:bestow:16a07e5b-d6b6-49a4-8fd0-0399d4da820b,Bestow,Enterprise Account Executive,AE,"Remote, US; Remote",$150K – $300K • Offers Equity • Offers Commission,2026-07-14,52,59,NEW,https://jobs.ashbyhq.com/bestow/16a07e5b-d6b6-49a4-8fd0-0399d4da820b  
ashby:commure:205af23a-f5d3-4139-af9f-7e9330eca083,Commure,"Mid-Market Account Executive, Agentic Practice Manager",AE,"United States; Lehi, UT; New York City, NY; Mountain View, CA; Remote",$150K – $250K • Offers Equity • Offers Commission,2026-08-06,29,59,NEW,https://jobs.ashbyhq.com/commure/205af23a-f5d3-4139-af9f-7e9330eca083  
ashby:commure:ad9a498c-2976-4a06-bc02-a26ecd8069f7,Commure,Enterprise Account Executive (Midwest),AE,United States; Remote,$112.5K – $131K • $112.5K – $131K Commission,2026-08-26,9,59,NEW,https://jobs.ashbyhq.com/commure/ad9a498c-2976-4a06-bc02-a26ecd8069f7  
ashby:commure:302cfa46-d01a-4c14-af61-bc428fe776ca,Commure,Enterprise Account Executive (South East),AE,United States; North Carolina; Virginia; South Carolina; Remote,$118K – $140K • Offers Equity • $118K – $140K Commission • Offers Bonus • Multiple Ranges,2026-09-02,2,59,NEW,https://jobs.ashbyhq.com/commure/302cfa46-d01a-4c14-af61-bc428fe776ca  
gh:hightouch:6166606004,Hightouch,"Enterprise Account Executive - Texas, USA",AE,Remote (Texas),,2026-08-27,8,59,NEW,https://job-boards.greenhouse.io/hightouch/jobs/6166606004  
ashby:medely:2391a690-bcf7-465b-973e-819efb9826e8,Medely,Enterprise Account Executive ,AE,Remote; Remote,$113K – $125K • Offers Equity • Offers Commission,2026-07-13,53,59,NEW,https://jobs.ashbyhq.com/medely/2391a690-bcf7-465b-973e-819efb9826e8  
ashby:nabla:d22330cc-0ce4-4616-bf50-b9d2e6b40e08,Nabla,Mid-Market Account Executive,AE,Anywhere in the United States; Remote,$90K – $120K • Offers Equity • $90K – $120K Commission,2026-08-14,21,59,NEW,https://jobs.ashbyhq.com/nabla/d22330cc-0ce4-4616-bf50-b9d2e6b40e08  
gh:okta:8054427,Okta,Strategic Account Executive ,AE,Texas,,2026-07-10,56,59,NEW,https://www.okta.com/company/careers/opportunity/8054427?gh\_jid=8054427  
ashby:plaid:b2856bcf-37a5-45bd-8c8b-d9f863be7e3e,Plaid,Account Executive - Insurance (Named),AE,New York City Office; Seattle Office; Raleigh Office; San Francisco HQ; Remote,$309.9K – $360K • Offers Equity,2026-07-21,45,59,NEW,https://jobs.ashbyhq.com/plaid/b2856bcf-37a5-45bd-8c8b-d9f863be7e3e  
ashby:plaid:0dc976f0-a12d-4843-b78c-7d0e14409537,Plaid,Account Executive - Payments,AE,San Francisco HQ; New York City Office; Remote,$150K – $165K • Offers Equity • $150K – $165K Commission,2026-07-09,57,59,NEW,https://jobs.ashbyhq.com/plaid/0dc976f0-a12d-4843-b78c-7d0e14409537  
ashby:plaid:3a0611c3-7b8e-4962-bb48-dcd7ba04f352,Plaid,Account Executive - Fraud,AE,San Francisco HQ; Raleigh Office; New York City Office; Remote,$150K – $165K • Offers Equity • $150K – $165K Commission,2026-07-10,56,59,NEW,https://jobs.ashbyhq.com/plaid/3a0611c3-7b8e-4962-bb48-dcd7ba04f352  
ashby:plaid:15bb46d9-ed78-47c2-80b4-df72f7e4cf5c,Plaid,Account Executive - Credit,AE,New York City Office; Seattle Office; San Francisco HQ; Remote,$240K – $330K • Offers Equity,2026-07-10,56,59,NEW,https://jobs.ashbyhq.com/plaid/15bb46d9-ed78-47c2-80b4-df72f7e4cf5c  
ashby:plaid:732e7ecc-e653-4e7c-aa8d-767de14fde65,Plaid,"Account Executive Manager, SMB",AE,Raleigh Office; Remote,"$245,088 – $331,200 • Offers Equity • Offers Commission",2026-08-18,17,59,NEW,https://jobs.ashbyhq.com/plaid/732e7ecc-e653-4e7c-aa8d-767de14fde65  
ashby:plaid:b4ec08cf-64c6-41ea-b98e-32b35bf20e4b,Plaid,"Account Executive Manager, SMB",AE,New York City Office; Remote,$266.4K – $360K • Offers Equity • Offers Commission,2026-08-18,17,59,NEW,https://jobs.ashbyhq.com/plaid/b4ec08cf-64c6-41ea-b98e-32b35bf20e4b  
ashby:ramp:707d5f91-bcf7-42b2-a0e6-8130bf13e56b,Ramp,Account Executive | Strategic ,AE,"San Francisco, CA; Remote",$310K – $407K • Offers Equity • Offers Commission • 45/55 split,2026-08-11,24,59,NEW,https://jobs.ashbyhq.com/ramp/707d5f91-bcf7-42b2-a0e6-8130bf13e56b  
ashby:ramp:623abf6f-84c6-49d2-8276-385c1ffec097,Ramp,"Manager, Account Executive | Commercial",AE,"New York, NY (HQ); San Francisco, CA; Remote",$237K – $346K • Offers Equity • Multiple Ranges,2026-09-03,1,59,NEW,https://jobs.ashbyhq.com/ramp/623abf6f-84c6-49d2-8276-385c1ffec097  
gh:rubrik:8139407,Rubrik,"Healthcare Account Executive, TOLA",AE,"Houston, TX",,2026-08-26,9,59,NEW,https://www.rubrik.com/company/careers/departments/job.8139407?gh\_jid=8139407  
gh:rubrik:8092042,Rubrik,SLED Account Executive (ATX),AE,"Austin, TX",,2026-07-29,37,59,NEW,https://www.rubrik.com/company/careers/departments/job.8092042?gh\_jid=8092042  
ashby:snowflake:d7af975f-e2ee-4df7-b946-97320a1ba5c7,Snowflake,"Account Executive, Enterprise Acquisition",AE,US-IL-Remote; Remote,"$134,000 – $175,875",2026-07-29,37,59,NEW,https://jobs.ashbyhq.com/snowflake/d7af975f-e2ee-4df7-b946-97320a1ba5c7  
ashby:snowflake:e093b7c6-3c7a-47ce-860c-7c65a6f56b8d,Snowflake,"Enterprise Account Executive, Observability",AE,US-NY-New York; US-NJ Metro-Remote; US-NY-New York City-Remote,"$134,000 – $175,875",2026-08-11,24,59,NEW,https://jobs.ashbyhq.com/snowflake/e093b7c6-3c7a-47ce-860c-7c65a6f56b8d  
ashby:snowflake:1d940622-e9ae-4b70-80ac-81a55d350fa7,Snowflake,"Account Executive, Commercial",AE,US-CO-Denver; Remote,"$84,000 – $110,250",2026-08-25,10,59,NEW,https://jobs.ashbyhq.com/snowflake/1d940622-e9ae-4b70-80ac-81a55d350fa7  
ashby:snowflake:9b8581c8-764c-44cf-aa40-f866e650cf6e,Snowflake,"Enterprise Account Executive, Observe",AE,US-GA-Remote; US-FL-Remote; US-SC-Remote; US-NC-Remote; Remote,"$134,000 – $175,875",2026-08-28,7,59,NEW,https://jobs.ashbyhq.com/snowflake/9b8581c8-764c-44cf-aa40-f866e650cf6e  
ashby:snowflake:911f7715-3143-4948-82e0-5fd0bcc5726a,Snowflake,"Account Executive, Enterprise",AE,US-CA-Dublin; Remote,"$156,000 – $204,750",2026-08-28,7,59,NEW,https://jobs.ashbyhq.com/snowflake/911f7715-3143-4948-82e0-5fd0bcc5726a  
ashby:snowflake:472ec137-a049-4f78-92eb-997d1a63bf7f,Snowflake,"Enterprise Account Executive, Observe",AE,US-UT-Remote; US-AZ-Remote; US-NV-Remote; Remote,"$134,000 – $175,875",2026-08-31,4,59,NEW,https://jobs.ashbyhq.com/snowflake/472ec137-a049-4f78-92eb-997d1a63bf7f  
ashby:snowflake:e70eb2d2-0029-442b-8f7f-edde190d91f0,Snowflake,"Account Executive, Enterprise",AE,US-NC-Remote; Remote,"$156,000 – $204,750",2026-09-01,3,59,NEW,https://jobs.ashbyhq.com/snowflake/e70eb2d2-0029-442b-8f7f-edde190d91f0  
ashby:snowflake:89588286-28f8-495c-99d6-cfe4a169c006,Snowflake,"Account Executive, Enterprise Acquisition",AE,US-WA-Remote; Remote,"$134,000 – $175,875",2026-09-02,2,59,NEW,https://jobs.ashbyhq.com/snowflake/89588286-28f8-495c-99d6-cfe4a169c006  
ashby:synthesia:3f5dca7c-d43c-49c3-8c94-d5f249e4a82f,Synthesia,Mid Market Account Executive,AE,Austin; Remote,,2026-07-22,44,59,NEW,https://jobs.ashbyhq.com/synthesia/3f5dca7c-d43c-49c3-8c94-d5f249e4a82f  
gh:toast:8106826,Toast,Bilingual Strategic Cuisines Account Executive - Spanish,AE,"East Houston, TX",,2026-08-05,30,59,NEW,https://careers.toasttab.com/jobs?gh\_jid=8106826  
gh:toast:8174263,Toast,Bilingual Strategic Cuisines Account Executive (Spanish),AE,"South Houston, TX",,2026-09-02,2,59,NEW,https://careers.toasttab.com/jobs?gh\_jid=8174263  
gh:toast:8179685,Toast,"Bilingual Strategic Cuisines Account Executive (Spanish) - Brownsville, TX",AE,"Brownsville, TX",,2026-09-04,0,59,NEW,https://careers.toasttab.com/jobs?gh\_jid=8179685  
gh:toast:8094646,Toast,"Bilingual Strategic Cuisines Account Executive (Spanish) - South Austin, TX",AE,"Austin, TX",,2026-07-29,37,59,NEW,https://careers.toasttab.com/jobs?gh\_jid=8094646  
gh:toast:8146078,Toast,Bilingual Strategic Cuisines Flex Account Executive - Brownsville TX (Spanish),AE,"Brownsville, TX",,2026-08-20,15,59,NEW,https://careers.toasttab.com/jobs?gh\_jid=8146078  
gh:toast:8105159,Toast,"Bilingual Strategic Cuisines Flex Account Executive - Dallas, TX (Spanish)",AE,"Dallas, TX",,2026-08-04,31,59,NEW,https://careers.toasttab.com/jobs?gh\_jid=8105159  
gh:toast:8096841,Toast,"Bilingual Strategic Cuisines Flex Account Executive - Houston, TX (Spanish)",AE,"Houston, TX",,2026-08-04,31,59,NEW,https://careers.toasttab.com/jobs?gh\_jid=8096841  
gh:toast:8146082,Toast,"Bilingual Strategic Cuisines Flex Account Executive - San Angelo, TX (Spanish)",AE,"San Angelo, TX",,2026-08-20,15,59,NEW,https://careers.toasttab.com/jobs?gh\_jid=8146082  
gh:toast:8076756,Toast,"Midland/Odessa, TX - Strategic Cuisines Account Executive - Spanish",AE,"Midland/Odessa, TX",,2026-07-21,45,59,NEW,https://careers.toasttab.com/jobs?gh\_jid=8076756  
gh:toast:8161736,Toast,"Territory Account Executive, Retail - Austin East (Spanish/Bilingual)",AE,"Austin, TX",,2026-09-02,2,59,NEW,https://careers.toasttab.com/jobs?gh\_jid=8161736  
gh:toast:8047287,Toast,"Territory Account Executive, Retail - El Paso (Spanish/Bilingual)",AE,"El Paso, TX",,2026-07-07,59,59,NEW,https://careers.toasttab.com/jobs?gh\_jid=8047287  
gh:toast:8170758,Toast,"Territory Account Executive , SMB - Austin, TX",AE,"Austin, TX",,2026-09-02,2,59,NEW,https://careers.toasttab.com/jobs?gh\_jid=8170758  
gh:toast:8179881,Toast,"Territory Account Executive , SMB - NW Houston, TX",AE,"Houston, TX",,2026-09-04,0,59,NEW,https://careers.toasttab.com/jobs?gh\_jid=8179881  
ashby:vanta:ffc75064-fbdc-4cd1-bf0e-a4ace20dce81,Vanta,"Account Executive, Early Stage",AE,Remote U.S.; Remote,"$130K – $153K • Offers Equity • This role is also eligible for medical benefits, 401(k) plan, and other company perk programs.",2026-07-24,42,59,NEW,https://jobs.ashbyhq.com/vanta/ffc75064-fbdc-4cd1-bf0e-a4ace20dce81  
gh:vercel:6123443004,Vercel,"Commercial Account Executive, Install Base",AE,"Hybrid - San Francisco, New York City, Austin",,2026-07-23,43,59,NEW,https://job-boards.greenhouse.io/vercel/jobs/6123443004  
gh:vercel:6112143004,Vercel,"Enterprise Account Executive, Retail",AE,"Hybrid - San Francisco, New York City, Austin",,2026-07-08,58,59,NEW,https://job-boards.greenhouse.io/vercel/jobs/6112143004  
gh:vercel:6142097004,Vercel,"Scaled Commercial Account Executive, Install base ",AE,"Hybrid - San Francisco, New York City, Austin",,2026-08-12,23,59,NEW,https://job-boards.greenhouse.io/vercel/jobs/6142097004  
ashby:zapier:d4576c10-a27e-47fa-a056-30c898b9e672,Zapier,"Account Executive, Mid Market",AE,NAMER; Remote,$140K – $170K • Offers Equity • Offers Commission • Multiple Ranges,2026-08-26,9,59,NEW,https://jobs.ashbyhq.com/zapier/d4576c10-a27e-47fa-a056-30c898b9e672  
gh:zscaler:5198860007,Zscaler,"Account Executive - Majors - Dallas, TX",AE,"Remote - Texas, USA",,2026-07-31,35,59,NEW,https://job-boards.greenhouse.io/zscaler/jobs/5198860007  
gh:zscaler:5187970007,Zscaler,Account Executive - Majors - Texas,AE,"Remote - Texas, USA",,2026-07-20,46,59,NEW,https://job-boards.greenhouse.io/zscaler/jobs/5187970007  
gh:zscaler:5199285007,Zscaler,"Specialist Account Executive, ZT Branch - Majors, East + South ",AE,"Remote - Massachusetts, USA; Remote - New York, USA; Remote - North Carolina, USA; Remote - Texas, USA",,2026-08-07,28,59,NEW,https://job-boards.greenhouse.io/zscaler/jobs/5199285007  
gh:abnormalsecurity:7806082003,Abnormal Security,"Customer Success Manager, Enterprise (New York)",CS,Remote - USA,,2026-07-23,43,58,NEW,https://abnormal.ai/careers/jobs/7806082003?gh\_jid=7806082003  
gh:abnormalsecurity:7806116003,Abnormal Security,"Customer Success Manager, Fed/SLED",CS,Remote - USA,,2026-07-23,43,58,NEW,https://abnormal.ai/careers/jobs/7806116003?gh\_jid=7806116003  
gh:carrotfertility:6138104004,Carrot Fertility,Customer Success Executive,CS,Remote,,2026-08-10,25,58,NEW,https://job-boards.greenhouse.io/carrotfertility/jobs/6138104004  
gh:carrotfertility:6143586004,Carrot Fertility,"Customer Success Executive, Taft-Hartley Labor",CS,Remote,,2026-08-14,21,58,NEW,https://job-boards.greenhouse.io/carrotfertility/jobs/6143586004  
gh:gitlab:8742716002,GitLab,Customer Success Architect,CS,"Remote, United States",,2026-08-24,11,58,NEW,https://job-boards.greenhouse.io/gitlab/jobs/8742716002  
gh:gitlab:8637426002,GitLab,"Customer Success Engineer, LATAM (Spanish, Portugese) ",CS,"Remote, Brazil; Remote, Mexico; Remote, United States",,2026-07-22,44,58,NEW,https://job-boards.greenhouse.io/gitlab/jobs/8637426002  
ashby:gravie:bac8c110-ee26-4cbd-928d-93029cf91937,Gravie,Temporary ICHRA Implementation Manager,Implementation,"Minneapolis, MN; Remote; Remote",$28 per hour,2026-07-24,42,58,NEW,https://jobs.ashbyhq.com/gravie/bac8c110-ee26-4cbd-928d-93029cf91937  
gh:gusto:8175123,Gusto,Sales Implementation Associate ,Implementation,"Atlanta, GA - Remote; Denver, CO - Hybrid; Phoenix, AZ - Remote",,2026-09-03,1,58,NEW,https://job-boards.greenhouse.io/gusto/jobs/8175123  
gh:gusto:8175108,Gusto,Sales Onboarding Advocate ,Implementation,"Atlanta, GA - Remote; Denver, CO - Hybrid; Phoenix, AZ - Remote",,2026-09-03,1,58,NEW,https://job-boards.greenhouse.io/gusto/jobs/8175108  
gh:hightouch:6142201004,Hightouch,"Growth Marketing Manager, Ad Studio",Growth,Remote (North America),,2026-08-12,23,58,NEW,https://job-boards.greenhouse.io/hightouch/jobs/6142201004  
ashby:infinitus:bf48f90a-5877-48cf-afd4-fe2ccaa19fc8,Infinitus,Customer Success Manager,CS,Remote; Remote,,2026-09-02,2,58,NEW,https://jobs.ashbyhq.com/infinitus/bf48f90a-5877-48cf-afd4-fe2ccaa19fc8  
lever:lyrahealth:35bffe8b-ac9f-4749-ba4c-5f3a4d2bd77d,Lyra Health,"\[Contract\] Accreditation Solutions Consultant, Clinical Strategy",Other,United States remote,,2026-08-24,11,58,NEW,https://jobs.lever.co/lyrahealth/35bffe8b-ac9f-4749-ba4c-5f3a4d2bd77d  
gh:qventus:4330930009,Qventus,Implementation Engineer,Implementation,"Remote, United States",,2026-07-30,36,58,NEW,https://www.qventus.com/company/working-qventus/job?gh\_jid=4330930009  
gh:rubrik:8139767,Rubrik,Customer Resilience Manager - Customer Success,CS,US Remote,,2026-08-24,11,58,NEW,https://www.rubrik.com/company/careers/departments/job.8139767?gh\_jid=8139767  
gh:rubrik:8139783,Rubrik,"Manager, Customer Resilience Management - Customer Success",CS,US Remote,,2026-08-24,11,58,NEW,https://www.rubrik.com/company/careers/departments/job.8139783?gh\_jid=8139783  
ashby:synthesia:cb064c2f-467f-4bf5-9d31-9aa21cd0255b,Synthesia,Enterprise Customer Success Manager - German Speaker,CS,Munich; Remote,,2026-07-29,37,58,NEW,https://jobs.ashbyhq.com/synthesia/cb064c2f-467f-4bf5-9d31-9aa21cd0255b  
ashby:synthesia:243dc52d-8367-4ff9-9d71-8c41437ba6e1,Synthesia,"Revenue Enablement Manager, Onboarding",Implementation,New York City; Remote,,2026-08-25,10,58,NEW,https://jobs.ashbyhq.com/synthesia/243dc52d-8367-4ff9-9d71-8c41437ba6e1  
gh:toast:8145097,Toast,"Onboarding Consultant I, SMB - Bilingual Thai",Implementation,"Remote, US",,2026-08-25,10,58,NEW,https://careers.toasttab.com/jobs?gh\_jid=8145097  
gh:toast:8145099,Toast,"Onboarding Consultant I, SMB - Bilingual Vietnamese",Implementation,"Remote, US",,2026-08-25,10,58,NEW,https://careers.toasttab.com/jobs?gh\_jid=8145099  
gh:twilio:8162071,Twilio,Customer Success Manager,CS,Remote - US,,2026-09-03,1,58,NEW,https://job-boards.greenhouse.io/twilio/jobs/8162071  
gh:twilio:8153169,Twilio,Onboarding Operations Specialist 1,Implementation,Remote - Colombia,,2026-08-24,11,58,NEW,https://job-boards.greenhouse.io/twilio/jobs/8153169  
gh:twilio:8142281,Twilio,Onboarding Operations Specialist 1,Implementation,Remote - Colombia,,2026-08-19,16,58,NEW,https://job-boards.greenhouse.io/twilio/jobs/8142281  
gh:zocdoc:8178109,Zocdoc,"Specialist, Customer Experience",CS,USA Remote,,2026-09-04,0,58,NEW,https://job-boards.greenhouse.io/zocdoc/jobs/8178109  
gh:abnormalsecurity:7903003003,Abnormal Security,National Channel Account Manager- SHI,Sales,Remote - USA,,2026-08-19,16,56,NEW,https://abnormal.ai/careers/jobs/7903003003?gh\_jid=7903003003  
gh:affirm:7860703003,Affirm,Operations Enablement Lead,Enablement,Remote US,,2026-08-24,11,56,NEW,https://job-boards.greenhouse.io/affirm/jobs/7860703003  
gh:affirm:7814650003,Affirm,Operations Enablement Manager,Enablement,Remote US,,2026-08-10,25,56,NEW,https://job-boards.greenhouse.io/affirm/jobs/7814650003  
gh:carrotfertility:6143622004,Carrot Fertility,Sales Associate,Sales,Remote,,2026-08-14,21,56,NEW,https://job-boards.greenhouse.io/carrotfertility/jobs/6143622004  
gh:carrotfertility:6143618004,Carrot Fertility,"Sales Associate, Strategic & National",Sales,Remote,,2026-08-14,21,56,NEW,https://job-boards.greenhouse.io/carrotfertility/jobs/6143618004  
gh:gusto:8069947,Gusto,Expansion Account Manager Leader,Sales,"Atlanta, GA - Remote; Denver, CO - Hybrid; Phoenix, AZ - Remote",,2026-08-03,32,56,NEW,https://job-boards.greenhouse.io/gusto/jobs/8069947  
gh:honor:8784272002,Honor,Home Care Sales Representative ,Sales,Remote Position,,2026-09-04,0,56,NEW,https://boards.greenhouse.io/honor/jobs/8784272002?gh\_jid=8784272002  
gh:honor:8784341002,Honor,Inside Sales Manager,Sales,Remote Position,,2026-09-04,0,56,NEW,https://boards.greenhouse.io/honor/jobs/8784341002?gh\_jid=8784341002  
gh:humaninterest:8174129,Human Interest,Emerging Partner Account Manager - Reno,Sales,"United States, Remote",,2026-09-03,1,56,NEW,https://job-boards.greenhouse.io/humaninterest/jobs/8174129  
gh:humaninterest:8165305,Human Interest,Partner Account Manager - Atlanta,Sales,"Atlanta, GA Remote",,2026-09-02,2,56,NEW,https://job-boards.greenhouse.io/humaninterest/jobs/8165305  
gh:humaninterest:8165334,Human Interest,Partner Account Manager - Boston,Sales,"Boston, MA Remote",,2026-09-02,2,56,NEW,https://job-boards.greenhouse.io/humaninterest/jobs/8165334  
gh:humaninterest:8165362,Human Interest,Partner Account Manager- Bronx,Sales,"United States, Remote",,2026-08-31,4,56,NEW,https://job-boards.greenhouse.io/humaninterest/jobs/8165362  
gh:humaninterest:8165336,Human Interest,Partner Account Manager - Brooklyn,Sales,"United States, Remote",,2026-08-31,4,56,NEW,https://job-boards.greenhouse.io/humaninterest/jobs/8165336  
gh:humaninterest:8165303,Human Interest,Partner Account Manager - Charleston,Sales,"Charleston, SC Remote",,2026-09-02,2,56,NEW,https://job-boards.greenhouse.io/humaninterest/jobs/8165303  
gh:humaninterest:8165338,Human Interest,Partner Account Manager - Charlotte,Sales,"Charlotte, NC Remote",,2026-08-31,4,56,NEW,https://job-boards.greenhouse.io/humaninterest/jobs/8165338  
gh:humaninterest:8165326,Human Interest,Partner Account Manager- Knoxville/Chatanooga,Sales,"United States, Remote",,2026-08-31,4,56,NEW,https://job-boards.greenhouse.io/humaninterest/jobs/8165326  
gh:humaninterest:8165370,Human Interest,Partner Account Manager - Las Vegas,Sales,"Las Vegas, NV Remote",,2026-08-31,4,56,NEW,https://job-boards.greenhouse.io/humaninterest/jobs/8165370  
gh:humaninterest:8165356,Human Interest,Partner Account Manager - Maryland,Sales,"United States, Remote",,2026-09-02,2,56,NEW,https://job-boards.greenhouse.io/humaninterest/jobs/8165356  
gh:humaninterest:8165317,Human Interest,Partner Account Manager - Miami,Sales,"United States, Remote",,2026-08-31,4,56,NEW,https://job-boards.greenhouse.io/humaninterest/jobs/8165317  
gh:humaninterest:8165366,Human Interest,Partner Account Manager - New York City,Sales,"New York City, NY Remote",,2026-09-01,3,56,NEW,https://job-boards.greenhouse.io/humaninterest/jobs/8165366  
gh:humaninterest:8165309,Human Interest,Partner Account Manager - North Virginia,Sales,"United States, Remote",,2026-09-01,3,56,NEW,https://job-boards.greenhouse.io/humaninterest/jobs/8165309  
gh:humaninterest:8165360,Human Interest,Partner Account Manager - Orange County,Sales,"Santa Ana, CA Remote",,2026-08-31,4,56,NEW,https://job-boards.greenhouse.io/humaninterest/jobs/8165360  
gh:humaninterest:8165368,Human Interest,Partner Account Manager - Phoenix,Sales,"Phoenix, AZ Remote",,2026-08-31,4,56,NEW,https://job-boards.greenhouse.io/humaninterest/jobs/8165368  
gh:humaninterest:8165332,Human Interest,Partner Account Manager - Queens,Sales,"United States, Remote",,2026-08-31,4,56,NEW,https://job-boards.greenhouse.io/humaninterest/jobs/8165332  
gh:humaninterest:8048732,Human Interest,Partner Account Manager - Raleigh,Sales,"United States, Remote",,2026-07-07,59,56,NEW,https://job-boards.greenhouse.io/humaninterest/jobs/8048732  
gh:humaninterest:8165344,Human Interest,Partner Account Manager - Raleigh,Sales,"Raleigh, NC Remote",,2026-08-31,4,56,NEW,https://job-boards.greenhouse.io/humaninterest/jobs/8165344  
gh:humaninterest:8165358,Human Interest,Partner Account Manager - San Francisco,Sales,"San Francisco, CA Remote",,2026-08-31,4,56,NEW,https://job-boards.greenhouse.io/humaninterest/jobs/8165358  
gh:humaninterest:8165319,Human Interest,Partner Account Manager - Winston-Salem/Greensboro NC,Sales,"Winston-Salem, Greensboro, NC Remote",,2026-08-31,4,56,NEW,https://job-boards.greenhouse.io/humaninterest/jobs/8165319  
gh:mercury:6174117004,Mercury,Knowledge & Enablement Lead,Enablement,"San Francisco, CA, New York, NY, Portland, OR, or Remote within Canada or United States",,2026-08-28,7,56,NEW,https://job-boards.greenhouse.io/mercury/jobs/6174117004  
gh:natera:6150022004,Natera,"Mgr, Inside Sales",Sales,US Remote,,2026-08-21,14,56,NEW,https://job-boards.greenhouse.io/natera/jobs/6150022004  
ashby:notion:c799f1f0-0e7b-4eac-98ce-44223130f2b0,Notion,Workflow + Process Designer (AI Enablement),Enablement,"San Francisco, California; Remote",,2026-08-24,11,56,NEW,https://jobs.ashbyhq.com/notion/c799f1f0-0e7b-4eac-98ce-44223130f2b0  
ashby:notion:98bb09a8-2fdf-4c12-84dd-8568553159d8,Notion,"Manager, Enablement Programs",Enablement,"San Francisco, California; Remote",,2026-09-01,3,56,NEW,https://jobs.ashbyhq.com/notion/98bb09a8-2fdf-4c12-84dd-8568553159d8  
ashby:plaid:5190527d-06e6-4dfa-bff4-e059482f66d1,Plaid,Account Manager - Enterprise - Territory Accounts,Sales,San Francisco HQ; New York City Office; Remote,$148.8K – $176.4K,2026-07-22,44,56,NEW,https://jobs.ashbyhq.com/plaid/5190527d-06e6-4dfa-bff4-e059482f66d1  
ashby:plaid:e7536a96-d3d5-4f20-bbeb-aef633be45e0,Plaid,Revenue Enablement Leader,Enablement,Remote United States; San Francisco HQ; Remote,$201.6K – $272.4K • Offers Equity • Offers Commission,2026-09-02,2,56,NEW,https://jobs.ashbyhq.com/plaid/e7536a96-d3d5-4f20-bbeb-aef633be45e0  
gh:purestorage:8176846,Pure Storage,"Global Account Manager, Strategics (New York)",Sales,"Remote, New York",,2026-09-04,0,56,NEW,https://job-boards.greenhouse.io/purestorage/jobs/8176846  
gh:purestorage:8110222,Pure Storage,Partner Account Manager - Rockies,Sales,"Remote, Colorado; Remote, Utah",,2026-08-19,16,56,NEW,https://job-boards.greenhouse.io/purestorage/jobs/8110222  
gh:purestorage:8160222,Pure Storage,Partner Account Manager - Strategics Americas ,Sales,"Boston, Massachusetts; Chicago, Illinois; New York, New York; Philadelphia, Pennsylvania; Raleigh, North Carolina; Remote, Connecticut; Remote, New Jersey",,2026-08-28,7,56,NEW,https://job-boards.greenhouse.io/purestorage/jobs/8160222  
gh:twilio:8122899,Twilio,Digital Sales Representative 2,Sales,Remote - US,,2026-08-18,17,56,NEW,https://job-boards.greenhouse.io/twilio/jobs/8122899  
gh:twilio:8067913,Twilio,Technical Account Manager,Sales,Remote - Colombia,,2026-07-22,44,56,NEW,https://job-boards.greenhouse.io/twilio/jobs/8067913  
gh:twilio:8067909,Twilio,Technical Account Manager 3,Sales,Remote - Colombia,,2026-07-22,44,56,NEW,https://job-boards.greenhouse.io/twilio/jobs/8067909  
gh:twilio:8028956,Twilio,Technical Account Manager 3,Sales,Remote - Colombia,,2026-07-06,60,56,NEW,https://job-boards.greenhouse.io/twilio/jobs/8028956  
gh:zscaler:5222793007,Zscaler,Renewals Account Manager,Sales,Remote - USA,,2026-09-02,2,56,NEW,https://job-boards.greenhouse.io/zscaler/jobs/5222793007  
gh:zscaler:5218205007,Zscaler,Renewals Account Manager,Sales,Remote - USA,,2026-09-02,2,56,NEW,https://job-boards.greenhouse.io/zscaler/jobs/5218205007  
ashby:ramp:29b679a8-9990-48c1-b91e-001c566ced27,Ramp,"Solutions Consultant, Enterprise ",Other,"New York, NY (HQ); San Francisco, CA; Remote (US); Miami, FL; Remote",$195K – $298K • Offers Equity • Offers Equity • Offers Commission • Multiple Ranges,2026-09-03,1,55,NEW,https://jobs.ashbyhq.com/ramp/29b679a8-9990-48c1-b91e-001c566ced27  
ashby:ramp:f36f233b-bb27-4334-87df-8dc02b897724,Ramp,"Solutions Consultant, Mid-Market",Other,"New York, NY (HQ); Remote (Canada); San Francisco, CA; Remote (US); Miami, FL; Remote",$151K – $231K • Offers Equity • Offers Commission • Multiple Ranges,2026-07-28,38,55,NEW,https://jobs.ashbyhq.com/ramp/f36f233b-bb27-4334-87df-8dc02b897724  
ashby:ramp:220e674a-fc70-439f-bacf-687553ca59c9,Ramp,"Solutions Consultant, Commercial",Other,"Remote (US); Remote (Canada); San Francisco, CA; New York, NY (HQ); Toronto, ON; Miami, FL; Remote",$119K – $189K • Offers Equity • Multiple Ranges,2026-07-13,53,55,NEW,https://jobs.ashbyhq.com/ramp/220e674a-fc70-439f-bacf-687553ca59c9  
ashby:ramp:157bb000-868b-4a6d-9143-67619871812f,Ramp,"Solutions Consultant, Public Sector",Other,"New York, NY (HQ); Remote",$158K – $242K • Offers Equity • Multiple Ranges,2026-08-14,21,55,NEW,https://jobs.ashbyhq.com/ramp/157bb000-868b-4a6d-9143-67619871812f  
ashby:1password:9854ad4c-6176-43e0-a379-53a238839f15,1Password,"Account Executive, Enterprise - New York City Metro",AE,"New York, NY; Remote",,2026-09-02,2,54,NEW,https://jobs.ashbyhq.com/1password/9854ad4c-6176-43e0-a379-53a238839f15  
gh:abnormalsecurity:7788905003,Abnormal Security,Enterprise Account Executive - Southeast Florida,AE,Remote - USA,,2026-07-07,59,54,NEW,https://abnormal.ai/careers/jobs/7788905003?gh\_jid=7788905003  
gh:abnormalsecurity:7801760003,Abnormal Security,Major Account Executive - NYC/New Jersey,AE,Remote - USA,,2026-07-17,49,54,NEW,https://abnormal.ai/careers/jobs/7801760003?gh\_jid=7801760003  
gh:abnormalsecurity:7894340003,Abnormal Security,Mid-Market Account Executive - Cincinnati,AE,Remote - USA,,2026-08-18,17,54,NEW,https://abnormal.ai/careers/jobs/7894340003?gh\_jid=7894340003  
gh:datadog:8157360,Datadog,Strategic Account Executive,AE,"Florida, USA, Remote",,2026-08-28,7,54,NEW,https://careers.datadoghq.com/detail/8157360/?gh\_jid=8157360  
gh:datadog:8021535,Datadog,Strategic Account Executive (FED),AE,"District of Columbia, USA, Remote; Maryland, USA, Remote; Virginia, USA, Remote",,2026-08-19,16,54,NEW,https://careers.datadoghq.com/detail/8021535/?gh\_jid=8021535  
gh:gitlab:8592555002,GitLab,"Commercial Account Executive, Named - West",AE,"Remote, United States",,2026-08-03,32,54,NEW,https://job-boards.greenhouse.io/gitlab/jobs/8592555002  
gh:gitlab:8684071002,GitLab,"Commercial Account Executive, Northern Cone",AE,"Remote, Mexico; Remote, United States",,2026-08-11,24,54,NEW,https://job-boards.greenhouse.io/gitlab/jobs/8684071002  
gh:gitlab:8649994002,GitLab,"Public Sector Strategic Account Executive, SLED - Mountain Plains",AE,"Remote, United States",,2026-08-07,28,54,NEW,https://job-boards.greenhouse.io/gitlab/jobs/8649994002  
gh:gitlab:8637995002,GitLab,Strategic Account Executive - MENA,AE,"Remote, KSA; Remote, UAE",,2026-07-22,44,54,NEW,https://job-boards.greenhouse.io/gitlab/jobs/8637995002  
gh:gitlab:8675560002,GitLab,"Strategic Account Executive, Poland",AE,Remote,,2026-08-10,25,54,NEW,https://job-boards.greenhouse.io/gitlab/jobs/8675560002  
gh:gitlab:8706202002,GitLab,Strategic Account Executive - Seattle ,AE,"Remote, United States",,2026-08-17,18,54,NEW,https://job-boards.greenhouse.io/gitlab/jobs/8706202002  
gh:gitlab:8656848002,GitLab,"Strategic Account Executive, Southeast",AE,"Remote, United States",,2026-07-31,35,54,NEW,https://job-boards.greenhouse.io/gitlab/jobs/8656848002  
gh:gitlab:8609979002,GitLab,Strategic Account Executive - Turkey ,AE,"Remote, Turkey",,2026-07-17,49,54,NEW,https://job-boards.greenhouse.io/gitlab/jobs/8609979002  
gh:gusto:8075935,Gusto,Retirement Sales Account Executive,AE,"Atlanta, GA - Remote; Denver, CO - Hybrid; Phoenix, AZ - Remote",,2026-07-28,38,54,NEW,https://job-boards.greenhouse.io/gusto/jobs/8075935  
gh:hightouch:6173640004,Hightouch,"Enterprise Account Executive - Los Angeles, CA / Orange County, CA",AE,"Remote (Los Angeles, CA / Orange County, CA)",,2026-08-28,7,54,NEW,https://job-boards.greenhouse.io/hightouch/jobs/6173640004  
gh:humaninterest:8140495,Human Interest,Account Executive (Bilingual) ,AE,"United States, Remote",,2026-08-19,16,54,NEW,https://job-boards.greenhouse.io/humaninterest/jobs/8140495  
gh:humaninterest:8165313,Human Interest,Account Executive - Florida,AE,"United States, Remote",,2026-09-02,2,54,NEW,https://job-boards.greenhouse.io/humaninterest/jobs/8165313  
gh:humaninterest:8174131,Human Interest,Account Executive - New England,AE,"United States, Remote",,2026-09-03,1,54,NEW,https://job-boards.greenhouse.io/humaninterest/jobs/8174131  
gh:justworks:8162978,Justworks,"Account Executive - In-Territory (Salt Lake City, UT)",AE,Remote - U.S.A.,,2026-08-27,8,54,NEW,https://boards.greenhouse.io/justworks/jobs/8162978?gh\_jid=8162978  
gh:purestorage:8157796,Pure Storage,"Account Executive, Commercial (Alaska)",AE,"Remote, Alaska",,2026-08-27,8,54,NEW,https://job-boards.greenhouse.io/purestorage/jobs/8157796  
gh:purestorage:8069472,Pure Storage,"Account Executive, Commercial (Pittsburgh)",AE,"Remote, Pennsylvania",,2026-07-20,46,54,NEW,https://job-boards.greenhouse.io/purestorage/jobs/8069472  
gh:purestorage:8145906,Pure Storage,"Account Executive, Commercial (Upstate New York)",AE,"Remote, New York",,2026-08-24,11,54,NEW,https://job-boards.greenhouse.io/purestorage/jobs/8145906  
gh:purestorage:8059788,Pure Storage,"Account Executive, Enterprise (Los Angeles/Orange County)",AE,"Remote, California",,2026-07-13,53,54,NEW,https://job-boards.greenhouse.io/purestorage/jobs/8059788  
gh:purestorage:8159829,Pure Storage,"Account Executive, Enterprise (Virginia)",AE,"Remote, Virginia",,2026-09-01,3,54,NEW,https://job-boards.greenhouse.io/purestorage/jobs/8159829  
gh:purestorage:8081943,Pure Storage,"Account Executive, Federal (Washington, DC)",AE,"Remote, Maryland; Remote, Virginia; Remote, Washington D.C.",,2026-07-23,43,54,NEW,https://job-boards.greenhouse.io/purestorage/jobs/8081943  
gh:purestorage:8103422,Pure Storage,"Account Executive, SLED (TOLA)",AE,"Remote, Oklahoma",,2026-08-03,32,54,NEW,https://job-boards.greenhouse.io/purestorage/jobs/8103422  
ashby:snowflake:71c118bf-7f7f-4b07-acbd-47b2b624de19,Snowflake,Enterprise Account Executive,AE,IN-Delhi-Remote; Remote,,2026-07-27,39,54,NEW,https://jobs.ashbyhq.com/snowflake/71c118bf-7f7f-4b07-acbd-47b2b624de19  
ashby:snowflake:a4a787f7-75f3-43d9-b46b-3441817abacb,Snowflake,"Expansion Account Executive - Life Sciences, Belgium",AE,BE-Belgium-Remote; Remote,,2026-08-27,8,54,NEW,https://jobs.ashbyhq.com/snowflake/a4a787f7-75f3-43d9-b46b-3441817abacb  
ashby:snowflake:06a24de6-e015-4215-bd21-8c21409d6058,Snowflake,Commercial Account Executive,AE,IN-Bangalore-MSO; Remote,,2026-07-31,35,54,NEW,https://jobs.ashbyhq.com/snowflake/06a24de6-e015-4215-bd21-8c21409d6058  
ashby:snowflake:f40e6bf9-45bb-4159-b900-b5cdd06fe1dc,Snowflake,Commercial Account Executive - Expansion,AE,SE-Stockholm-MSO; Remote,,2026-08-20,15,54,NEW,https://jobs.ashbyhq.com/snowflake/f40e6bf9-45bb-4159-b900-b5cdd06fe1dc  
gh:stripe:8107136,Stripe,"Account Executive, Enterprise (Grower) ",AE,"US-San Francisco, US-Seattle, US-West Coast (Remote) ",,2026-08-10,25,54,NEW,https://stripe.com/jobs/search?gh\_jid=8107136  
gh:tebra:4712282005,Tebra,"Account Executive, Growth",AE,United States - Remote,,2026-07-14,52,54,NEW,https://job-boards.greenhouse.io/tebra/jobs/4712282005  
gh:toast:8173946,Toast,"Mid Market Account Executive, Toast Retail",AE,"Remote, United States",,2026-09-02,2,54,NEW,https://careers.toasttab.com/jobs?gh\_jid=8173946  
gh:toast:8173948,Toast,"Mid Market Account Executive, Toast Retail",AE,"Remote, United States",,2026-09-02,2,54,NEW,https://careers.toasttab.com/jobs?gh\_jid=8173948  
gh:toast:8173861,Toast,"Mid Market Account Executive, Toast Retail",AE,"Remote, United States",,2026-09-02,2,54,NEW,https://careers.toasttab.com/jobs?gh\_jid=8173861  
gh:twilio:8177722,Twilio,Account Executive 3,AE,Remote - US,,2026-09-04,0,54,NEW,https://job-boards.greenhouse.io/twilio/jobs/8177722  
gh:twilio:8164465,Twilio,Account Executive 4,AE,Remote - Colombia,,2026-09-03,1,54,NEW,https://job-boards.greenhouse.io/twilio/jobs/8164465  
gh:zscaler:5190626007,Zscaler,"Account Executive, Commercial - Mid Atlantic",AE,"Remote - Maryland, USA; Remote - New Jersey, USA; Remote - New York, USA; Remote - Pennsylvania, USA; Remote - Virginia, USA",,2026-09-01,3,54,NEW,https://job-boards.greenhouse.io/zscaler/jobs/5190626007  
gh:zscaler:5221105007,Zscaler,"Account Executive, Commercial - NorCal",AE,"Remote - California, USA",,2026-09-01,3,54,NEW,https://job-boards.greenhouse.io/zscaler/jobs/5221105007  
gh:zscaler:5156009007,Zscaler, Account Executive - Enterprise,AE,Remote - Taiwan,,2026-07-15,51,54,NEW,https://job-boards.greenhouse.io/zscaler/jobs/5156009007  
gh:zscaler:5139790007,Zscaler,"Account Executive, Enterprise",AE,Remote - Austria,,2026-07-30,36,54,NEW,https://job-boards.greenhouse.io/zscaler/jobs/5139790007  
gh:zscaler:5150437007,Zscaler,"Account Executive - Enterprise, Florida",AE,"Remote - Florida, USA",,2026-08-10,25,54,NEW,https://job-boards.greenhouse.io/zscaler/jobs/5150437007  
gh:zscaler:5204282007,Zscaler,"Account Executive, Enterprise - Mid Atlantic",AE,"Remote - New Jersey, USA; Remote - New York, USA; Remote - Pennsylvania, USA",,2026-08-14,21,54,NEW,https://job-boards.greenhouse.io/zscaler/jobs/5204282007  
gh:zscaler:5202097007,Zscaler,"Account Executive - Enterprise, North Carolina",AE,"Remote - North Carolina, USA",,2026-08-06,29,54,NEW,https://job-boards.greenhouse.io/zscaler/jobs/5202097007  
gh:zscaler:5193214007,Zscaler,"Account Executive, Enterprise - NY/NJ",AE,"Remote - New York, USA",,2026-07-23,43,54,NEW,https://job-boards.greenhouse.io/zscaler/jobs/5193214007  
gh:zscaler:5225447007,Zscaler,"Account Executive, Enterprise - Southern CA",AE,"Remote - California, USA",,2026-09-01,3,54,NEW,https://job-boards.greenhouse.io/zscaler/jobs/5225447007  
gh:zscaler:5207284007,Zscaler,Account Executive - Fed Civilian,AE,"Remote - D.C., USA",,2026-08-12,23,54,NEW,https://job-boards.greenhouse.io/zscaler/jobs/5207284007  
gh:zscaler:5141035007,Zscaler,Account Executive - Healthcare UT/AZ/CA,AE,"Remote - Arizona, USA; Remote - California, USA; Remote - Utah, USA",,2026-07-28,38,54,NEW,https://job-boards.greenhouse.io/zscaler/jobs/5141035007  
gh:zscaler:5204284007,Zscaler,"Account Executive (Hunter) - Enterprise, Florida",AE,"Remote - Florida, USA",,2026-08-11,24,54,NEW,https://job-boards.greenhouse.io/zscaler/jobs/5204284007  
gh:zscaler:5087216007,Zscaler,"Account Executive, Majors - Carolinas ",AE,"Remote - North Carolina, USA",,2026-08-06,29,54,NEW,https://job-boards.greenhouse.io/zscaler/jobs/5087216007  
gh:zscaler:5188449007,Zscaler,Account Executive - Majors - Chicago,AE,"Remote - Illinois, USA",,2026-07-22,44,54,NEW,https://job-boards.greenhouse.io/zscaler/jobs/5188449007  
gh:zscaler:5198856007,Zscaler,Account Executive - Majors- Chicago,AE,"Remote - Illinois, USA",,2026-08-20,15,54,NEW,https://job-boards.greenhouse.io/zscaler/jobs/5198856007  
gh:zscaler:5198848007,Zscaler,"Account Executive - Majors, Chicago",AE,"Remote - Illinois, USA",,2026-07-31,35,54,NEW,https://job-boards.greenhouse.io/zscaler/jobs/5198848007  
gh:zscaler:5210705007,Zscaler,"Account Executive - Majors, Florida",AE,"Remote - Florida, USA",,2026-08-14,21,54,NEW,https://job-boards.greenhouse.io/zscaler/jobs/5210705007  
gh:zscaler:5223329007,Zscaler,"Account Executive, Majors - New England",AE,"Remote - Massachusetts, USA",,2026-09-01,3,54,NEW,https://job-boards.greenhouse.io/zscaler/jobs/5223329007  
gh:zscaler:5188451007,Zscaler,"Account Executive, Majors - NY/NJ",AE,"Remote - New Jersey, USA; Remote - New York, USA",,2026-07-22,44,54,NEW,https://job-boards.greenhouse.io/zscaler/jobs/5188451007  
gh:zscaler:5188453007,Zscaler,Account Executive - Majors - Pittsburgh,AE,"Remote - Pennsylvania, USA",,2026-07-22,44,54,NEW,https://job-boards.greenhouse.io/zscaler/jobs/5188453007  
gh:zscaler:5197818007,Zscaler,"Account Executive, Majors - Romandy",AE,Remote - Switzerland,,2026-08-19,16,54,NEW,https://job-boards.greenhouse.io/zscaler/jobs/5197818007  
gh:zscaler:5188455007,Zscaler,"Account Executive, Majors - Tennessee ",AE,"Remote - Tennessee, USA",,2026-07-22,44,54,NEW,https://job-boards.greenhouse.io/zscaler/jobs/5188455007  
gh:zscaler:5211134007,Zscaler,Sales Account Executive 1 - Enterprise,AE,Remote - Belgium,,2026-08-20,15,54,NEW,https://job-boards.greenhouse.io/zscaler/jobs/5211134007  
gh:zscaler:5210195007,Zscaler,Sales Account Executive 3 - Majors,AE,Remote - Denmark,,2026-08-17,18,54,NEW,https://job-boards.greenhouse.io/zscaler/jobs/5210195007  
gh:zscaler:5139786007,Zscaler,"Sales Account Executive, Enterprise",AE,Remote - Sweden,,2026-08-12,23,54,NEW,https://job-boards.greenhouse.io/zscaler/jobs/5139786007  
gh:zscaler:5193218007,Zscaler,"Sales Account Executive, Majors",AE,Remote - Sweden,,2026-08-12,23,54,NEW,https://job-boards.greenhouse.io/zscaler/jobs/5193218007  
gh:zscaler:5179466007,Zscaler,"Specialist Account Executive, Data Security - Enterprise, East ",AE,"Remote - Massachusetts, USA; Remote - New York, USA",,2026-07-09,57,54,NEW,https://job-boards.greenhouse.io/zscaler/jobs/5179466007  
gh:zscaler:5216237007,Zscaler,"Specialist Account Executive, SecOps - Commercial, IL/OH/CO",AE,"Remote - Colorado, USA; Remote - Illinois, USA; Remote - Ohio, USA",,2026-08-21,14,54,NEW,https://job-boards.greenhouse.io/zscaler/jobs/5216237007  
gh:zscaler:5216235007,Zscaler,"Specialist Account Executive, SecOps - Enterprise, PA/MD/VA/DC/Fed",AE,"Remote - Maryland, USA; Remote - Pennsylvania, USA; Remote - Virginia, USA",,2026-08-21,14,54,NEW,https://job-boards.greenhouse.io/zscaler/jobs/5216235007  
gh:zscaler:5216239007,Zscaler,"Specialist Account Executive, SecOps - Enterprise, West + Central",AE,"Remote - California, USA; Remote - Colorado, USA; Remote - Ohio, USA",,2026-08-21,14,54,NEW,https://job-boards.greenhouse.io/zscaler/jobs/5216239007  
gh:zscaler:5196221007,Zscaler,"Specialist Account Executive, ZT Branch - Commercial, West + Central",AE,"Remote - California, USA; Remote - Colorado, USA; Remote - Illinois, USA",,2026-08-07,28,54,NEW,https://job-boards.greenhouse.io/zscaler/jobs/5196221007  
gh:zscaler:5199287007,Zscaler,"Specialist Account Executive, ZT Branch - Majors, West + Central",AE,"Remote - California, USA; Remote - Colorado, USA; Remote - Illinois, USA",,2026-08-07,28,54,NEW,https://job-boards.greenhouse.io/zscaler/jobs/5199287007  
ashby:notion:be119222-db73-45fb-8634-0095154fcf1d,Notion,"Enterprise Solutions Consultant, Korea",Other,"Seoul, South Korea; Remote",,2026-07-27,39,50,NEW,https://jobs.ashbyhq.com/notion/be119222-db73-45fb-8634-0095154fcf1d  
ashby:notion:d3eab521-8adb-4576-b740-905b3894a031,Notion,Commercial Solutions Consultant,Other,"Seoul, South Korea; Remote",,2026-08-06,29,50,NEW,https://jobs.ashbyhq.com/notion/d3eab521-8adb-4576-b740-905b3894a031  
ashby:notion:00960f3c-46b6-4ad5-ae6b-4175035b3cb9,Notion,Mid-Market Solutions Consultant,Other,"Seoul, South Korea; Remote",,2026-08-26,9,50,NEW,https://jobs.ashbyhq.com/notion/00960f3c-46b6-4ad5-ae6b-4175035b3cb9  